ring,category,family,fraction
Ring4,charge,NEUTRAL,0.2801044611728735
Ring4,charge,CATION,0.47989178851045583
Ring4,charge,ANION,0.24000375031667065
Ring4,size,SMALL,0.5058332543350408
Ring4,size,MEDIUM,0.40708559113244935
Ring4,size,LARGE,0.08708115453250985
