ring,category,family,fraction
Ring7,charge,NEUTRAL,0.2673212841958684
Ring7,charge,CATION,0.4350141240067455
Ring7,charge,ANION,0.297664591797386
Ring7,size,SMALL,0.5101580713147559
Ring7,size,MEDIUM,0.3737408185497116
Ring7,size,LARGE,0.11610111013553256
