ring,category,family,fraction
Ring1,charge,NEUTRAL,0.8337108086842597
Ring1,charge,CATION,0.08650865984329753
Ring1,charge,ANION,0.07978053147244268
Ring1,size,SMALL,0.6524965101325105
Ring1,size,MEDIUM,0.2497708812377789
Ring1,size,LARGE,0.09773260862971055
