ring,category,family,fraction
Ring3,charge,NEUTRAL,0.36747630515320967
Ring3,charge,CATION,0.39909191468380106
Ring3,charge,ANION,0.23343178016298916
Ring3,size,SMALL,0.4826841124600028
Ring3,size,MEDIUM,0.36822520370291006
Ring3,size,LARGE,0.14909068383708715
