ring,category,family,fraction
Ring8,charge,NEUTRAL,0.26125795880647373
Ring8,charge,CATION,0.43908878091514864
Ring8,charge,ANION,0.2996532602783777
Ring8,size,SMALL,0.5022132847764486
Ring8,size,MEDIUM,0.3746000119954487
Ring8,size,LARGE,0.12318670322810288
