ring,category,family,fraction
Ring6,charge,NEUTRAL,0.2697847494049494
Ring6,charge,CATION,0.43707566882232046
Ring6,charge,ANION,0.2931395817727303
Ring6,size,SMALL,0.5157989339183362
Ring6,size,MEDIUM,0.3701361546584807
Ring6,size,LARGE,0.11406491142318323
