ring,category,family,fraction
Ring2,charge,NEUTRAL,0.5839955072592898
Ring2,charge,CATION,0.2005376916064528
Ring2,charge,ANION,0.21546680113425742
Ring2,size,SMALL,0.5168820224358637
Ring2,size,MEDIUM,0.3955691215131246
Ring2,size,LARGE,0.08754885605101181
