ring,category,family,fraction
Ring5,charge,NEUTRAL,0.2938841304403945
Ring5,charge,CATION,0.4295670020748799
Ring5,charge,ANION,0.27654886748472557
Ring5,size,SMALL,0.4953218577148132
Ring5,size,MEDIUM,0.3929195647693406
Ring5,size,LARGE,0.11175857751584628
